{
    "win_rate": {
        "gpt_3_5": 73.75,
        "swallow": 26.25
    },
    "bradley_terry": {
        "gpt_3_5": 1089.7265433983746,
        "swallow": 910.2734566016254
    },
    "elapsed_time": 990.9048530869995
}