{
    "exact_match": 0.7908847184986595,
    "elapsed_time": 1493.9078678909998
}