{
    "llm_score": 0.8083333333333333,
    "num_failed_score_parses": 0,
    "elapsed_time": 1224.4851474879997
}